City_ID,City,Country,Date,Lat,Lng,Max Temp,Humidity,Cloudiness,Wind Speed
0,Lagoa,PT,2021-05-21 14:21:41,39.05,-27.9833,59.18,59,100,10.71
1,Buraydah,SA,2021-05-21 14:21:42,26.326,43.975,109.85,5,24,16.04
2,Kapaa,US,2021-05-21 14:21:42,22.0752,-159.319,73.72,74,90,3.0
3,Freistadt,AT,2021-05-21 14:21:43,48.511,14.5045,64.81,54,100,8.1
4,Sao Filipe,CV,2021-05-21 14:21:43,14.8961,-24.4956,75.67,70,29,6.11
5,Ponta Do Sol,PT,2021-05-21 14:21:43,32.6667,-17.1,79.12,48,7,5.73
6,Provideniya,RU,2021-05-21 14:21:44,64.3833,-173.3,34.32,76,100,2.66
7,Lazaro Cardenas,MX,2021-05-21 14:21:44,17.9583,-102.2,76.89,59,0,3.24
8,Cape Town,ZA,2021-05-21 14:20:45,-33.9258,18.4232,63.1,69,40,1.99
9,Ratnagiri,IN,2021-05-21 14:21:44,16.9833,73.3,84.16,76,16,7.27
10,Rikitea,PF,2021-05-21 14:21:45,-23.1203,-134.9692,74.7,62,79,7.11
11,Georgetown,MY,2021-05-21 14:20:33,5.4112,100.3354,79.95,85,20,3.44
12,Punta Arenas,CL,2021-05-21 14:20:45,-53.15,-70.9167,42.91,88,75,3.18
13,Vaini,TO,2021-05-21 14:21:46,-21.2,-175.2,78.96,89,75,18.41
14,Puerto Ayora,EC,2021-05-21 14:21:46,-0.7393,-90.3518,78.76,89,22,8.01
15,New Norfolk,AU,2021-05-21 14:21:46,-42.7826,147.0587,48.58,71,31,1.01
16,Ushuaia,AR,2021-05-21 14:21:47,-54.8,-68.3,42.46,87,75,3.44
17,Hobart,AU,2021-05-21 14:19:08,-42.8794,147.3294,48.92,80,19,1.01
18,Jamestown,US,2021-05-21 14:21:00,42.097,-79.2353,80.1,53,1,9.22
19,Nizwa,OM,2021-05-21 14:21:47,22.9333,57.5333,104.67,7,41,7.92
20,Isangel,VU,2021-05-21 14:21:48,-19.55,169.2667,74.01,70,51,11.3
21,Busselton,AU,2021-05-21 14:21:48,-33.65,115.3333,57.09,75,100,2.26
22,Butaritari,KI,2021-05-21 14:21:49,3.0707,172.7902,79.27,90,100,16.69
23,Nanortalik,GL,2021-05-21 14:21:49,60.1432,-45.2371,36.3,96,100,5.79
24,Mocuba,MZ,2021-05-21 14:21:49,-16.8392,36.9856,79.21,56,1,3.0
25,Hearst,CA,2021-05-21 14:21:50,49.6835,-83.6665,64.65,91,100,7.16
26,Avera,US,2021-05-21 14:21:50,33.194,-82.5271,76.95,52,60,8.16
27,Sioux Lookout,CA,2021-05-21 14:21:50,50.1001,-91.917,55.78,100,90,8.05
28,Chimbote,PE,2021-05-21 14:21:51,-9.0853,-78.5783,64.85,82,95,8.59
29,Port Alfred,ZA,2021-05-21 14:21:51,-33.5906,26.891,61.93,63,64,25.28
30,Conceicao Da Barra,BR,2021-05-21 14:21:52,-18.5933,-39.7322,82.99,53,21,7.78
31,Kutno,PL,2021-05-21 14:21:52,52.2306,19.3641,70.18,64,100,14.05
32,Dikson,RU,2021-05-21 14:21:52,73.5069,80.5464,24.17,88,100,9.91
33,Hermanus,ZA,2021-05-21 14:21:53,-34.4187,19.2345,58.89,61,57,16.08
34,Flinders,AU,2021-05-21 14:21:53,-34.5833,150.8552,54.21,84,0,1.01
35,Qaanaaq,GL,2021-05-21 14:21:53,77.484,-69.3632,27.16,73,17,4.36
36,East London,ZA,2021-05-21 14:21:54,-33.0153,27.9116,63.54,63,0,20.71
37,Hilo,US,2021-05-21 14:18:09,19.7297,-155.09,69.8,94,90,8.05
38,Lasa,IT,2021-05-21 14:21:54,46.6166,10.7002,64.31,89,100,6.35
39,Albany,US,2021-05-21 14:21:54,42.6001,-73.9662,73.98,85,100,3.13
40,Stornoway,GB,2021-05-21 14:21:55,58.2093,-6.3865,47.93,71,40,21.85
41,Hithadhoo,MV,2021-05-21 14:21:55,-0.6,73.0833,84.33,70,10,7.87
42,Khatanga,RU,2021-05-21 14:21:55,71.9667,102.5,27.64,90,98,5.97
43,Lebu,CL,2021-05-21 14:21:56,-37.6167,-73.65,51.33,85,91,10.49
44,Mabaruma,GY,2021-05-21 14:21:56,8.2,-59.7833,84.83,65,54,9.24
45,Saint-Philippe,RE,2021-05-21 14:21:56,-21.3585,55.7679,72.99,77,60,18.39
46,Tiassale,CI,2021-05-21 14:21:57,5.8983,-4.8283,88.88,56,100,4.74
47,Ankang,CN,2021-05-21 14:20:06,32.68,109.0172,69.37,77,100,1.43
48,Hualmay,PE,2021-05-21 14:21:57,-11.0964,-77.6139,65.3,78,44,5.91
49,Vila,PT,2021-05-21 14:21:58,42.0304,-8.1588,59.74,56,100,8.3
50,Guerrero Negro,MX,2021-05-21 14:21:58,27.9769,-114.0611,61.16,70,100,18.39
51,Houma,US,2021-05-21 14:20:28,29.5958,-90.7195,75.99,97,75,13.8
52,Norman Wells,CA,2021-05-21 14:21:58,65.282,-126.8329,42.84,49,20,9.22
53,Truth Or Consequences,US,2021-05-21 14:21:59,33.1284,-107.2528,71.91,27,1,12.3
54,Khani,GE,2021-05-21 14:21:59,41.9563,42.9566,83.77,38,1,2.19
55,Saldanha,ZA,2021-05-21 14:22:00,-33.0117,17.9442,59.5,61,69,9.64
56,Jacala,MX,2021-05-21 14:22:00,21.0167,-99.1833,65.77,62,0,0.22
57,Faanui,PF,2021-05-21 14:22:01,-16.4833,-151.75,81.55,72,27,14.29
58,Mataura,NZ,2021-05-21 14:22:01,-46.1927,168.8643,37.53,93,53,2.28
59,Kodiak,US,2021-05-21 14:22:02,57.79,-152.4072,42.31,81,90,4.61
60,Broome,US,2021-05-21 14:22:02,42.2506,-75.833,76.98,57,1,1.99
61,Avarua,CK,2021-05-21 14:22:03,-21.2078,-159.775,75.25,69,69,5.75
62,Klaksvik,FO,2021-05-21 14:22:03,62.2266,-6.589,41.92,79,100,19.53
63,Oktyabrskiy,RU,2021-05-21 14:22:03,54.4815,53.471,70.93,54,96,10.0
64,Nakhon Phanom,TH,2021-05-21 14:22:04,17.3333,104.4167,87.58,53,90,4.68
65,Chokurdakh,RU,2021-05-21 14:22:04,70.6333,147.9167,20.01,99,94,4.52
66,Ribeira Grande,PT,2021-05-21 14:22:05,38.5167,-28.7,64.8,55,20,14.97
67,Nikolskoye,RU,2021-05-21 14:22:05,59.7035,30.7861,55.4,77,97,11.21
68,Katangi,IN,2021-05-21 14:22:06,23.45,79.7833,90.05,28,4,6.51
69,Jutai,BR,2021-05-21 14:22:06,-5.1833,-68.9,81.84,80,40,2.89
70,Umm Kaddadah,SD,2021-05-21 14:22:07,13.6017,26.6876,103.59,8,10,7.92
71,Cap Malheureux,MU,2021-05-21 14:22:07,-19.9842,57.6142,72.46,70,39,5.01
72,Codrington,AU,2021-05-21 14:22:08,-38.2667,141.9667,50.02,75,3,8.7
73,Diamantino,BR,2021-05-21 14:22:08,-14.4086,-56.4461,85.8,49,100,6.73
74,Severo-Kurilsk,RU,2021-05-21 14:22:08,50.6789,156.125,37.45,96,98,17.11
75,Grindavik,IS,2021-05-21 14:22:09,63.8424,-22.4338,50.56,48,0,13.58
76,Tommot,RU,2021-05-21 14:22:09,58.9564,126.2925,36.18,77,100,1.66
77,Souillac,MU,2021-05-21 14:22:09,-20.5167,57.5167,72.36,68,75,22.46
78,Bengkulu,ID,2021-05-21 14:22:10,-3.8004,102.2655,77.99,90,49,2.91
79,Cidreira,BR,2021-05-21 14:22:10,-30.1811,-50.2056,63.64,78,99,12.64
80,Bambous Virieux,MU,2021-05-21 14:22:10,-20.3428,57.7575,72.21,66,75,22.39
81,Tasiilaq,GL,2021-05-21 14:22:11,65.6145,-37.6368,33.96,63,100,9.84
82,Iqaluit,CA,2021-05-21 14:22:11,63.7506,-68.5145,24.53,62,40,15.99
83,Yellowknife,CA,2021-05-21 14:22:12,62.456,-114.3525,41.32,52,20,1.99
84,Fernley,US,2021-05-21 14:21:53,39.608,-119.2518,40.57,86,87,5.99
85,Kavieng,PG,2021-05-21 14:22:12,-2.5744,150.7967,82.9,76,62,6.89
86,Arman,RU,2021-05-21 14:22:13,59.7,150.1667,36.0,91,17,1.54
87,Upernavik,GL,2021-05-21 14:22:13,72.7868,-56.1549,24.03,88,98,12.5
88,Bluff,NZ,2021-05-21 14:22:14,-46.6,168.3333,48.43,74,97,22.35
89,Yantal,RU,2021-05-21 14:22:14,56.8471,105.2542,38.23,45,97,5.23
90,Malinyi,TZ,2021-05-21 14:22:14,-8.9333,36.1333,80.92,62,2,0.94
91,Moryakovskiy Zaton,RU,2021-05-21 14:22:15,56.6956,84.6467,50.79,54,100,3.8
92,Pailon,BO,2021-05-21 14:22:15,-17.65,-62.75,83.68,59,56,17.49
93,Katakwi,UG,2021-05-21 14:22:15,1.8911,33.9661,80.67,61,70,3.87
94,Kangaatsiaq,GL,2021-05-21 14:22:16,68.3065,-53.4641,33.24,69,100,18.84
95,Kollam,IN,2021-05-21 14:20:56,8.8833,76.6,80.47,84,99,5.12
96,Adrar,MR,2021-05-21 14:22:16,20.5022,-10.0711,105.35,10,39,2.89
97,Saskylakh,RU,2021-05-21 14:22:17,71.9167,114.0833,13.87,98,48,3.2
98,Vilhena,BR,2021-05-21 14:18:40,-12.7406,-60.1458,80.82,74,20,10.36
99,Victoria,HK,2021-05-21 14:18:14,22.2855,114.1577,87.33,80,83,1.01
100,Nago,JP,2021-05-21 14:18:05,26.5881,127.9761,82.45,89,100,3.62
101,Marsh Harbour,BS,2021-05-21 14:22:18,26.5412,-77.0636,75.25,58,15,22.3
102,Catamarca,AR,2021-05-21 14:22:18,-28.4696,-65.7852,68.49,78,79,21.7
103,Tiksi,RU,2021-05-21 14:22:18,71.6872,128.8694,26.22,96,100,4.12
104,Shaki,AZ,2021-05-21 14:22:19,41.0833,47.1667,87.89,30,0,5.28
105,Atuona,PF,2021-05-21 14:22:19,-9.8,-139.0333,79.36,78,37,17.45
106,Bethel,US,2021-05-21 14:21:38,41.3712,-73.414,70.2,40,1,6.91
107,Thompson,CA,2021-05-21 14:22:20,55.7435,-97.8558,30.36,69,75,9.22
108,Tuktoyaktuk,CA,2021-05-21 14:22:20,69.4541,-133.0374,33.8,69,20,12.66
109,Harper,LR,2021-05-21 14:22:20,4.375,-7.7169,83.86,67,64,8.75
110,Mar Del Plata,AR,2021-05-21 14:20:05,-38.0023,-57.5575,64.09,41,75,17.0
111,Tenango,MX,2021-05-21 14:22:21,18.65,-98.1833,68.83,50,0,1.83
112,Tianjin,CN,2021-05-21 14:20:20,39.1422,117.1767,78.75,41,2,7.7
113,Longyearbyen,SJ,2021-05-21 14:22:22,78.2186,15.6401,26.44,74,75,3.44
114,Tazmalt,DZ,2021-05-21 14:22:22,36.3868,4.3989,87.4,27,100,11.34
115,Navoi,UZ,2021-05-21 14:22:23,40.0844,65.3792,85.48,16,20,18.95
116,Bathsheba,BB,2021-05-21 14:22:23,13.2167,-59.5167,86.61,70,40,20.62
117,Gambo,CF,2021-05-21 14:22:23,4.6482,22.2633,89.47,50,94,2.1
118,Tran,BG,2021-05-21 14:22:24,42.8353,22.6517,61.45,72,76,6.13
119,Da Nang,VN,2021-05-21 14:22:24,16.0678,108.2208,87.85,79,20,5.75
120,Te Anau,NZ,2021-05-21 14:22:25,-45.4167,167.7167,40.44,88,86,2.19
121,Nanakuli,US,2021-05-21 14:22:25,21.3906,-158.1547,73.35,73,40,12.62
122,Bredasdorp,ZA,2021-05-21 14:22:25,-34.5322,20.0403,58.28,63,54,13.58
123,Meulaboh,ID,2021-05-21 14:22:26,4.1363,96.1285,80.82,77,100,1.63
124,Linjiang,CN,2021-05-21 14:22:26,41.8069,126.9078,57.11,77,7,1.77
125,Mantua,IT,2021-05-21 14:22:27,45.1667,10.7833,77.09,38,100,8.01
126,Chuy,UY,2021-05-21 14:22:27,-33.6971,-53.4616,63.73,74,100,14.14
127,Carnarvon,AU,2021-05-21 14:22:27,-24.8667,113.6333,60.87,94,5,5.75
128,Riohacha,CO,2021-05-21 14:21:59,11.5444,-72.9072,85.93,64,64,14.65
129,Pevek,RU,2021-05-21 14:22:28,69.7008,170.3133,25.18,93,95,2.42
130,Ayan,RU,2021-05-21 14:22:28,56.45,138.1667,33.85,88,100,6.15
131,Freetown,SL,2021-05-21 14:22:29,8.484,-13.2299,84.92,71,96,11.48
132,Cockburn Town,TC,2021-05-21 14:22:29,21.4612,-71.1419,77.68,74,100,22.21
133,Ixtapa,MX,2021-05-21 14:22:29,20.7,-105.2,78.22,78,75,4.61
134,Vazante,BR,2021-05-21 14:22:30,-17.9869,-46.9078,83.07,31,0,3.36
135,Conakry,GN,2021-05-21 14:21:12,9.538,-13.6773,86.07,66,75,9.22
136,Tezu,IN,2021-05-21 14:22:30,27.9167,96.1667,73.35,98,100,3.22
137,Kitimat,CA,2021-05-21 14:22:30,54.0524,-128.6534,44.98,94,53,1.1
138,Acari,PE,2021-05-21 14:22:31,-15.4311,-74.6158,70.39,64,60,5.82
139,Rochegda,RU,2021-05-21 14:22:31,62.8,43.25,71.28,46,100,9.62
140,Aklavik,CA,2021-05-21 14:22:31,68.2191,-135.0107,48.92,45,40,6.91
141,Sitka,US,2021-05-21 14:22:32,57.0531,-135.33,46.29,87,90,3.44
142,Dumfries,US,2021-05-21 14:20:22,38.5676,-77.328,76.17,43,30,3.33
143,Potosi,BO,2021-05-21 14:22:32,-19.5836,-65.7531,45.21,14,0,17.38
144,Tornio,FI,2021-05-21 14:22:33,65.8481,24.1466,39.22,91,100,20.62
145,Chippewa Falls,US,2021-05-21 14:17:51,44.9369,-91.3929,69.98,97,75,11.16
146,Zyryanka,RU,2021-05-21 14:22:33,65.75,150.85,36.12,71,85,7.16
147,Katsuura,JP,2021-05-21 14:22:34,35.1333,140.3,73.11,89,100,24.58
148,Tiznit,MA,2021-05-21 14:18:07,29.5833,-9.5,97.23,16,47,8.52
149,Acapulco,MX,2021-05-21 14:22:34,16.8634,-99.8901,76.82,54,1,2.95
150,Lerwick,GB,2021-05-21 14:22:35,60.1545,-1.1494,46.4,61,100,18.97
151,Port Lincoln,AU,2021-05-21 14:22:35,-34.7333,135.8667,60.87,55,6,5.44
152,Mbandaka,CD,2021-05-21 14:22:35,0.0487,18.2603,87.67,54,71,1.99
153,Wynyard,AU,2021-05-21 14:22:36,-41.0,145.7167,48.97,92,28,3.51
154,Korla,CN,2021-05-21 14:22:36,41.7597,86.1469,61.99,56,8,11.99
155,Hasaki,JP,2021-05-21 14:22:37,35.7333,140.8333,72.0,81,100,29.04
156,Esperance,AU,2021-05-21 14:22:37,-33.8667,121.9,63.32,76,75,5.48
157,Husavik,IS,2021-05-21 14:22:37,66.0449,-17.3389,40.91,69,66,9.04
158,Biu,NG,2021-05-21 14:22:38,10.6129,12.1946,88.63,41,100,8.05
159,Arraial Do Cabo,BR,2021-05-21 14:22:38,-22.9661,-42.0278,80.56,69,20,5.75
160,Leningradskiy,RU,2021-05-21 14:22:38,69.3833,178.4167,22.37,96,19,2.66
161,Hofn,IS,2021-05-21 14:22:39,64.2539,-15.2082,39.22,52,40,6.91
162,Caravelas,BR,2021-05-21 14:22:39,-17.7125,-39.2481,82.18,57,6,8.55
163,Makakilo City,US,2021-05-21 14:22:40,21.3469,-158.0858,71.92,72,40,14.14
164,Narsaq,GL,2021-05-21 14:22:40,60.9167,-46.05,41.22,100,100,3.71
165,Grand Gaube,MU,2021-05-21 14:22:40,-20.0064,57.6608,72.37,70,43,5.01
166,Ambilobe,MG,2021-05-21 14:22:41,-13.2,49.05,76.84,68,21,1.59
167,Kaitangata,NZ,2021-05-21 14:22:41,-46.2817,169.8464,42.93,91,44,5.68
168,Imbituba,BR,2021-05-21 14:22:41,-28.24,-48.6703,66.09,74,62,6.26
169,Tual,ID,2021-05-21 14:22:42,-5.6667,132.75,82.63,80,74,20.0
170,Alta Floresta,BR,2021-05-21 14:22:42,-9.8756,-56.0861,91.22,58,20,5.75
171,Colesberg,ZA,2021-05-21 14:22:43,-30.72,25.0972,54.21,35,61,14.65
172,Angoche,MZ,2021-05-21 14:22:43,-16.2325,39.9086,78.78,65,53,7.25
173,Malindi,KE,2021-05-21 14:22:43,-3.2175,40.1191,84.36,70,40,13.8
174,Port Elizabeth,ZA,2021-05-21 14:22:44,-33.918,25.5701,60.1,58,40,28.77
175,Del Rio,US,2021-05-21 14:22:44,29.3627,-100.8968,73.51,83,90,11.5
176,Vostok,RU,2021-05-21 14:22:44,46.4856,135.8833,54.19,91,98,3.76
177,Lompoc,US,2021-05-21 14:22:45,34.6391,-120.4579,54.09,70,90,10.36
178,Kang,BW,2021-05-21 14:22:45,-23.6752,22.7876,71.98,25,5,10.74
179,Mbala,ZM,2021-05-21 14:22:45,-8.8402,31.3659,72.05,48,65,3.18
180,Mangai,CD,2021-05-21 14:22:46,-4.05,19.5333,93.63,34,43,3.58
181,Nishihara,JP,2021-05-21 14:22:46,26.1842,127.7558,81.68,90,75,4.09
182,Pacific Grove,US,2021-05-21 14:22:47,36.6177,-121.9166,52.43,87,90,1.01
183,Naze,JP,2021-05-21 14:22:47,28.3667,129.4833,68.58,84,100,5.66
184,Vila Velha,BR,2021-05-21 14:21:29,-20.3297,-40.2925,80.96,73,0,4.0
185,San Angelo,US,2021-05-21 14:18:32,31.4638,-100.437,75.29,73,1,1.99
186,Rochester,US,2021-05-21 14:21:02,43.1548,-77.6156,82.15,44,20,9.22
187,Novo Aripuana,BR,2021-05-21 14:22:48,-5.1206,-60.3797,83.73,76,55,2.28
188,Talnakh,RU,2021-05-21 14:22:48,69.4865,88.3972,29.61,96,100,9.15
189,Pangai,TO,2021-05-21 14:22:49,-19.8,-174.35,79.11,87,100,18.07
190,Poum,NC,2021-05-21 14:22:49,-20.2333,164.0167,74.44,63,0,20.31
191,Airai,TL,2021-05-21 14:22:50,-8.9266,125.4092,58.75,93,100,3.0
192,Sao Joao Batista,BR,2021-05-21 14:22:50,-27.2761,-48.8494,74.77,67,49,2.17
193,Castro,BR,2021-05-21 14:22:50,-24.7911,-50.0119,69.21,54,75,5.3
194,Saint George,US,2021-05-21 14:20:18,37.1041,-113.5841,62.38,23,1,8.01
195,Belmonte,BR,2021-05-21 14:22:51,-15.8631,-38.8828,82.9,61,13,7.7
196,Hakkari,TR,2021-05-21 14:22:51,37.5833,44.1667,77.23,19,1,1.59
197,Whitehorse,CA,2021-05-21 14:22:52,60.7161,-135.0538,43.57,52,75,15.99
198,Camacha,PT,2021-05-21 14:22:52,33.0833,-16.3333,70.56,64,20,17.27
199,Pitimbu,BR,2021-05-21 14:22:52,-7.4706,-34.8086,84.79,68,65,12.68
200,Upington,ZA,2021-05-21 14:22:53,-28.4478,21.2561,62.98,36,20,3.44
201,Kenai,US,2021-05-21 14:22:53,60.5544,-151.2583,46.49,70,90,6.91
202,Tabou,CI,2021-05-21 14:22:54,4.423,-7.3528,84.61,65,30,9.31
203,Xining,CN,2021-05-21 14:22:54,36.6167,101.7667,61.11,46,88,2.3
204,Tokur,RU,2021-05-21 14:22:55,53.1333,132.9,41.94,92,97,2.08
205,Ilulissat,GL,2021-05-21 14:22:55,69.2167,-51.1,33.82,69,40,14.97
206,Torbay,CA,2021-05-21 14:22:56,47.6666,-52.7314,66.88,57,40,21.85
207,Vestmanna,FO,2021-05-21 14:22:56,62.1564,-7.1664,40.12,77,75,15.48
208,Fort Nelson,CA,2021-05-21 14:22:56,58.8053,-122.7002,44.19,76,20,6.91
209,Sao Joao Da Barra,BR,2021-05-21 14:22:57,-21.6403,-41.0511,80.69,70,66,5.03
210,Abu Samrah,SY,2021-05-21 14:22:57,35.3029,37.1841,94.26,15,0,18.5
211,Karaton,ID,2021-05-21 14:22:58,-6.3424,106.1045,79.95,91,5,0.69
212,Skowhegan,US,2021-05-21 14:22:58,44.7651,-69.7192,67.03,69,79,5.55
213,Rafaela,AR,2021-05-21 14:22:58,-31.2503,-61.4867,55.99,98,100,3.38
214,Mount Gambier,AU,2021-05-21 14:22:59,-37.8333,140.7667,49.39,67,0,6.58
215,Fortuna,US,2021-05-21 14:22:59,40.5982,-124.1573,48.18,61,1,1.99
216,Namibe,AO,2021-05-21 14:23:00,-15.1961,12.1522,77.63,69,0,14.97
217,Floro,NO,2021-05-21 14:23:00,61.5996,5.0328,57.27,54,40,14.97
218,Valparaiso,CL,2021-05-21 14:21:54,-33.0393,-71.6273,56.84,76,0,3.44
219,Kampot,KH,2021-05-21 14:23:00,10.6167,104.1833,84.25,80,100,9.13
220,Rio Grande,BR,2021-05-21 14:23:01,-32.035,-52.0986,60.94,70,98,12.59
221,Kodinsk,RU,2021-05-21 14:23:01,58.6881,99.1844,41.23,60,100,3.47
222,Cabo San Lucas,MX,2021-05-21 14:23:02,22.8909,-109.9124,81.81,68,93,7.43
223,Sabha,LY,2021-05-21 14:18:05,27.0377,14.4283,102.69,7,0,4.61
224,Atbasar,KZ,2021-05-21 14:23:02,51.8,68.3333,75.25,33,14,8.3
225,Sisimiut,GL,2021-05-21 14:23:03,66.9395,-53.6735,36.14,70,99,16.62
226,Mayumba,GA,2021-05-21 14:23:03,-3.432,10.6554,80.89,79,96,10.25
227,Porto Novo,BJ,2021-05-21 14:23:03,6.4965,2.6036,87.62,56,77,12.08
228,Matara,LK,2021-05-21 14:23:04,5.9485,80.5353,78.84,89,100,9.1
229,The Valley,AI,2021-05-21 14:23:04,18.217,-63.0578,85.86,74,20,14.97
230,Rancho Veloz,CU,2021-05-21 14:23:05,22.8806,-80.3917,79.29,69,79,23.53
231,Pingzhuang,CN,2021-05-21 14:23:05,42.0372,119.2889,71.33,28,9,6.6
232,Ternate,ID,2021-05-21 14:23:06,0.8,127.4,78.98,87,100,9.13
233,Hosur,IN,2021-05-21 14:20:09,12.7167,77.8167,73.51,82,83,13.73
234,Richards Bay,ZA,2021-05-21 14:23:06,-28.783,32.0377,71.69,47,100,13.6
235,Muisne,EC,2021-05-21 14:23:07,0.6,-80.0333,80.71,89,99,11.72
236,Martapura,ID,2021-05-21 14:23:07,-3.4167,114.85,80.69,93,40,2.95
237,Barrow,US,2021-05-21 14:23:07,71.2906,-156.7887,28.42,86,90,16.11
238,Healdsburg,US,2021-05-21 14:23:08,38.6105,-122.8692,53.26,67,1,1.01
239,Calvinia,ZA,2021-05-21 14:23:08,-31.4707,19.776,50.74,71,100,13.22
240,San Patricio,US,2021-05-21 14:23:09,28.017,-97.5169,80.46,84,100,7.27
241,Mancio Lima,BR,2021-05-21 14:23:09,-7.6142,-72.8958,84.27,75,75,2.89
242,Spittal,GB,2021-05-21 14:23:09,51.8689,-4.9425,51.49,92,100,19.55
243,Kamaishi,JP,2021-05-21 14:21:03,39.2667,141.8833,59.58,98,100,5.3
244,Suhbaatar,MN,2021-05-21 14:23:10,50.2314,106.2078,41.68,55,100,16.26
245,Komsomolskiy,UZ,2021-05-21 14:18:16,40.4272,71.7189,80.02,27,100,4.61
246,Zhigansk,RU,2021-05-21 14:23:10,66.7697,123.3711,34.61,67,55,8.43
247,Xinzhou,CN,2021-05-21 14:23:11,38.4092,112.7333,70.21,42,92,3.83
248,San Cristobal,VE,2021-05-21 14:23:11,7.7669,-72.225,80.78,62,98,8.55
249,Itarema,BR,2021-05-21 14:23:11,-2.9248,-39.9167,84.61,66,31,14.94
250,Galesong,ID,2021-05-21 14:20:14,-5.3166,119.3661,77.02,81,100,4.03
251,Tilichiki,RU,2021-05-21 14:23:12,60.4667,166.1,25.63,92,100,6.11
252,Tomter,NO,2021-05-21 14:23:12,59.65,11.0,60.3,60,18,8.32
253,Pangody,RU,2021-05-21 14:23:13,65.85,74.4859,67.53,67,48,6.58
254,Gogrial,SS,2021-05-21 14:23:13,8.5332,28.1004,101.5,21,79,8.01
255,Cherskiy,RU,2021-05-21 14:23:13,68.75,161.3,31.37,91,100,10.0
256,Shimoda,JP,2021-05-21 14:23:14,34.6667,138.95,69.17,94,100,17.0
257,Anloga,GH,2021-05-21 14:21:19,5.7947,0.8973,84.52,74,78,16.42
258,Coahuayana,MX,2021-05-21 14:23:14,18.7333,-103.6833,80.08,45,3,1.79
259,Togur,RU,2021-05-21 14:21:15,58.3631,82.8265,44.04,89,100,7.09
260,Qui Nhon,VN,2021-05-21 14:23:15,13.7667,109.2333,81.28,88,100,7.85
261,Bijar,IR,2021-05-21 14:23:15,35.8668,47.6051,82.94,9,97,8.75
262,Bonavista,CA,2021-05-21 14:23:16,48.6499,-53.1147,69.8,68,98,14.56
263,Najran,SA,2021-05-21 14:23:16,17.4924,44.1277,97.45,10,0,13.8
264,Chotepe,HN,2021-05-21 14:23:17,15.4167,-87.9833,80.78,88,75,6.91
265,Comodoro Rivadavia,AR,2021-05-21 14:23:17,-45.8667,-67.5,49.86,93,75,0.0
266,Fowa,NG,2021-05-21 14:23:18,8.9167,6.4,98.44,39,99,1.9
267,Gazojak,TM,2021-05-21 14:23:18,41.1875,61.4036,80.98,30,72,16.96
268,Ajdabiya,LY,2021-05-21 14:23:19,30.7554,20.2263,80.89,35,0,20.85
269,Kontagora,NG,2021-05-21 14:23:19,10.3999,5.4695,100.06,29,100,3.13
270,Roma,US,2021-05-21 14:19:38,43.2128,-75.4557,82.26,50,40,3.44
271,Vardo,NO,2021-05-21 14:23:20,70.3705,31.1107,35.35,93,90,18.41
272,Kruisfontein,ZA,2021-05-21 14:23:20,-34.0033,24.7314,57.88,70,43,19.82
273,Parrita,CR,2021-05-21 14:19:24,9.5201,-84.3225,89.06,71,12,0.47
274,Seymchan,RU,2021-05-21 14:23:21,62.8833,152.4333,37.47,67,48,6.44
275,Dunedin,NZ,2021-05-21 14:23:21,-45.8742,170.5036,48.79,65,17,1.99
276,Russkiy Aktash,RU,2021-05-21 14:23:22,55.0384,52.1214,74.55,61,41,12.37
277,Guanare,VE,2021-05-21 14:23:22,9.0418,-69.7421,86.02,74,100,5.75
278,Raudeberg,NO,2021-05-21 14:23:22,61.9875,5.1352,55.18,77,81,21.12
279,Kirakira,SB,2021-05-21 14:23:23,-10.4544,161.9205,77.9,87,86,5.53
280,Lufkin,US,2021-05-21 14:23:23,31.3382,-94.7291,73.51,98,75,6.4
281,Ossora,RU,2021-05-21 14:23:23,59.2353,163.0719,32.74,93,100,6.46
282,La Ronge,CA,2021-05-21 14:23:24,55.1001,-105.2842,35.82,64,90,8.05
283,Kawalu,ID,2021-05-21 14:23:24,-7.3817,108.2082,73.02,97,41,1.19
284,Lebaksiu,ID,2021-05-21 14:23:25,-7.0496,109.1441,80.62,88,12,4.47
285,Salalah,OM,2021-05-21 14:23:25,17.0151,54.0924,87.89,74,0,11.5
286,Melito Di Porto Salvo,IT,2021-05-21 14:23:26,37.9222,15.7714,74.53,46,100,0.47
287,Bandarbeyla,SO,2021-05-21 14:23:26,9.4942,50.8122,83.05,69,100,30.82
288,Sesheke,ZM,2021-05-21 14:23:26,-17.4759,24.2968,84.36,18,0,5.57
289,Kununurra,AU,2021-05-21 14:23:27,-15.7667,128.7333,67.98,77,5,0.0
290,Srednekolymsk,RU,2021-05-21 14:23:27,67.45,153.6833,32.56,95,100,4.52
291,Petauke,ZM,2021-05-21 14:23:28,-14.2426,31.3253,79.84,25,2,4.36
292,Buzmeyin,TM,2021-05-21 14:23:28,38.0507,58.2056,98.33,10,0,6.35
293,Celestun,MX,2021-05-21 14:23:28,20.8667,-90.4,79.12,84,83,8.93
294,Faya,SA,2021-05-21 14:23:29,18.3851,42.4509,80.71,23,1,3.8
295,Kahului,US,2021-05-21 14:20:14,20.8947,-156.47,73.85,80,1,6.91
296,Ugoofaaru,MV,2021-05-21 14:23:29,5.6667,73.0,84.4,75,100,17.05
297,Aguimes,ES,2021-05-21 14:23:30,27.9054,-15.4461,78.66,61,20,39.12
298,Naron,ES,2021-05-21 14:21:50,43.5167,-8.1528,66.04,57,21,11.65
299,Merauke,ID,2021-05-21 14:23:30,-8.4667,140.3333,77.09,90,100,14.27
300,Coquimbo,CL,2021-05-21 14:20:09,-29.9533,-71.3436,60.53,74,20,4.07
301,Beloha,MG,2021-05-21 14:23:31,-25.1667,45.05,76.12,29,100,1.23
302,Monteagudo,BO,2021-05-21 14:23:31,-19.8167,-63.9833,79.75,22,10,1.74
303,Puga,MX,2021-05-21 14:23:31,21.5833,-104.8167,71.83,37,34,1.88
304,Amazar,RU,2021-05-21 14:23:32,53.858,120.875,35.4,81,100,4.32
305,Clyde River,CA,2021-05-21 14:23:32,70.4692,-68.5914,19.63,73,90,11.5
306,Ibajay,PH,2021-05-21 14:23:32,11.8199,122.162,79.3,85,100,2.35
307,Tateyama,JP,2021-05-21 14:23:33,34.9833,139.8667,73.02,92,100,23.44
308,Seoul,KR,2021-05-21 14:22:24,37.5683,126.9778,60.19,81,0,2.39
309,Forrest City,US,2021-05-21 14:21:22,35.0081,-90.7898,75.06,69,100,14.67
310,Voyinka,UA,2021-05-21 14:23:33,45.8699,33.9914,66.02,65,88,16.51
311,Bandar-E Lengeh,IR,2021-05-21 14:23:34,26.5579,54.8807,93.31,59,20,11.5
312,Jalalabad,AF,2021-05-21 14:20:24,34.4265,70.4515,89.55,15,88,2.04
313,Englewood,US,2021-05-21 14:22:25,39.6478,-104.9878,69.66,37,75,1.01
314,Ahipara,NZ,2021-05-21 14:23:34,-35.1667,173.1667,58.42,88,100,10.07
315,Lorengau,PG,2021-05-21 14:23:35,-2.0226,147.2712,80.82,78,47,2.86
316,Vilyuysk,RU,2021-05-21 14:23:35,63.7553,121.6247,37.96,82,91,3.78
317,Lata,PT,2021-05-21 14:23:35,40.1629,-8.3327,77.72,65,100,10.45
318,Tuatapere,NZ,2021-05-21 14:23:36,-46.1333,167.6833,41.49,84,82,4.74
319,Olafsvik,IS,2021-05-21 14:23:36,64.8945,-23.7142,40.66,43,1,8.01
320,Ariquemes,BR,2021-05-21 14:23:36,-9.9133,-63.0408,84.51,65,69,3.49
321,Belyy Yar,RU,2021-05-21 14:23:37,53.6039,91.3903,46.29,85,40,5.95
322,Nokia,FI,2021-05-21 14:23:37,61.4667,23.5,45.68,86,90,3.0
323,Paamiut,GL,2021-05-21 14:23:38,61.994,-49.6678,31.73,94,100,22.46
324,Sinnamary,GF,2021-05-21 14:23:38,5.3833,-52.95,81.5,78,29,11.03
325,San Jose,US,2021-05-21 14:21:43,37.3394,-121.895,54.28,75,20,4.61
326,Maceio,BR,2021-05-21 14:23:38,-9.6658,-35.7353,81.84,73,75,7.99
327,Bela,IN,2021-05-21 14:23:39,25.9333,81.9833,89.58,50,0,4.41
328,Portland,US,2021-05-21 14:21:03,45.5234,-122.6762,49.14,87,54,1.01
329,Marovoay,MG,2021-05-21 14:23:39,-16.1,46.6333,84.34,42,0,8.41
330,Roebourne,AU,2021-05-21 14:23:40,-20.7833,117.1333,77.32,20,0,7.31
331,Pervomayskiy,RU,2021-05-21 14:23:40,53.2485,40.2871,55.78,90,100,5.19
332,Hovd,MN,2021-05-21 14:23:40,48.0056,91.6419,39.72,26,97,8.34
333,Zhezkazgan,KZ,2021-05-21 14:23:41,47.8043,67.7144,74.55,22,2,8.93
334,Chicama,PE,2021-05-21 14:23:41,-7.8447,-79.1469,63.14,78,62,6.87
335,Yulara,AU,2021-05-21 14:20:12,-25.2406,130.9889,62.44,34,0,9.22
336,Oliveira Dos Brejinhos,BR,2021-05-21 14:23:42,-12.3169,-42.8961,89.71,32,5,4.14
337,Hof,DE,2021-05-21 14:23:42,50.3167,11.9167,61.95,63,75,19.57
338,Turayf,SA,2021-05-21 14:23:42,31.6725,38.6637,100.65,15,75,13.8
339,La Asuncion,VE,2021-05-21 14:23:43,11.0333,-63.8628,82.13,71,90,17.43
340,Wanning,CN,2021-05-21 14:23:43,18.8003,110.3967,82.53,87,10,11.21
341,Foam Lake,CA,2021-05-21 14:23:44,51.65,-103.5343,32.02,98,100,11.03
342,Lipetsk,RU,2021-05-21 14:23:44,52.6031,39.5708,54.91,91,100,5.53
343,Shar,KZ,2021-05-21 14:23:44,49.5886,81.0453,51.53,57,100,8.43
344,Gazanjyk,TM,2021-05-21 14:23:45,39.2446,55.5154,99.03,13,0,11.63
345,Geraldton,AU,2021-05-21 14:23:45,-28.7667,114.6,64.81,79,100,11.68
346,Margate,GB,2021-05-21 14:23:45,51.3813,1.3862,56.91,60,63,8.01
347,Ulaanbaatar,MN,2021-05-21 14:23:46,47.9077,106.8832,50.13,76,40,6.76
348,Paita,PE,2021-05-21 14:23:46,-5.0892,-81.1144,68.56,78,13,13.42
349,Pyay,MM,2021-05-21 14:23:46,18.8167,95.2167,89.13,55,100,11.25
350,Russell,US,2021-05-21 14:23:47,32.3502,-85.1999,74.98,56,1,10.2
351,Honningsvag,NO,2021-05-21 14:23:47,70.9821,25.9704,38.95,60,75,12.66
352,Kapuskasing,CA,2021-05-21 14:23:47,49.4169,-82.4331,66.29,88,90,12.66
353,Isla Vista,US,2021-05-21 14:23:48,34.4133,-119.861,57.69,64,1,9.22
354,Gourdon,FR,2021-05-21 14:23:48,44.75,1.5,66.24,68,100,7.56
355,Vasai,IN,2021-05-21 14:23:48,19.47,72.8,86.09,69,3,10.56
356,Corinto,GR,2021-05-21 14:23:49,37.9407,22.9573,78.42,40,3,4.12
357,Tessalit,ML,2021-05-21 14:23:49,20.1986,1.0114,105.46,10,97,5.21
358,Port Hedland,AU,2021-05-21 14:23:49,-20.3167,118.5667,66.25,68,0,6.91
359,Kavaratti,IN,2021-05-21 14:23:50,10.5669,72.642,81.64,74,99,2.64
360,Atar,MR,2021-05-21 14:23:50,20.5169,-13.0499,102.74,9,5,12.39
361,Bonthe,SL,2021-05-21 14:23:50,7.5264,-12.505,89.8,59,5,11.05
362,Pangnirtung,CA,2021-05-21 14:23:51,66.1451,-65.7125,21.2,68,40,9.22
363,Dilla,ET,2021-05-21 14:23:51,6.41,38.31,74.71,70,9,2.28
364,Zverinogolovskoye,RU,2021-05-21 14:23:52,54.4586,64.8542,78.24,33,11,6.06
365,Emirdag,TR,2021-05-21 14:23:52,39.0197,31.15,66.54,36,91,23.31
366,Kijang,KR,2021-05-21 14:23:52,35.2442,129.2139,65.93,88,98,2.64
367,Nouadhibou,MR,2021-05-21 14:23:53,20.931,-17.0347,73.38,68,0,17.27
368,Rafsanjan,IR,2021-05-21 14:23:53,30.4067,55.9939,88.77,7,0,21.07
369,Bismil,TR,2021-05-21 14:23:54,37.8486,40.6658,103.62,10,6,11.72
370,Along,IN,2021-05-21 14:23:54,28.1667,94.7667,72.43,99,100,0.67
371,Mata,PT,2021-05-21 14:23:54,40.683,-7.4592,74.61,59,100,11.7
372,Ipueiras,BR,2021-05-21 14:23:55,-7.0333,-40.45,84.6,50,61,9.28
373,Bud,US,2021-05-21 14:23:55,39.447,-86.1758,77.85,63,96,10.11
374,Joinville,BR,2021-05-21 14:21:11,-26.3044,-48.8456,79.11,84,75,2.3
375,Sumbe,AO,2021-05-21 14:23:56,-11.2061,13.8437,84.2,65,20,6.91
376,Yar-Sale,RU,2021-05-21 14:23:56,66.8333,70.8333,68.02,58,49,8.43
377,Sorland,NO,2021-05-21 14:23:56,67.667,12.6934,48.06,76,20,22.37
378,Almaznyy,RU,2021-05-21 14:23:57,48.0448,40.045,77.14,55,96,7.36
379,Dubovyy Umet,RU,2021-05-21 14:23:57,52.9763,50.2857,76.89,46,100,7.16
380,San Carlos De Bariloche,AR,2021-05-21 14:20:06,-41.1456,-71.3082,37.15,79,75,5.73
381,Santander,ES,2021-05-21 14:23:58,43.4647,-3.8044,54.61,94,90,3.0
382,Kieta,PG,2021-05-21 14:23:58,-6.2167,155.6333,79.2,84,95,2.84
383,Stony Mountain,CA,2021-05-21 14:23:58,50.0864,-97.2196,48.81,87,90,10.02
384,Valleyview,CA,2021-05-21 14:23:58,55.0667,-117.2859,37.44,75,5,10.36
385,Freeport,US,2021-05-21 14:21:11,40.6576,-73.5832,73.11,64,20,1.99
386,Los Llanos De Aridane,ES,2021-05-21 14:21:56,28.6585,-17.9182,73.15,60,0,18.77
387,Donskoye,RU,2021-05-21 14:23:59,45.4552,41.9741,85.62,60,0,7.81
388,Salinopolis,BR,2021-05-21 14:23:59,-0.6136,-47.3561,85.06,68,10,10.0
389,Hit,IQ,2021-05-21 14:24:00,33.6416,42.8251,108.52,6,12,7.56
390,Chifeng,CN,2021-05-21 14:24:00,42.2683,118.9636,72.0,26,3,9.17
391,Touros,BR,2021-05-21 14:24:01,-5.1989,-35.4608,86.9,63,26,16.06
392,Labuhan,ID,2021-05-21 14:24:01,-6.8844,112.2051,79.63,81,57,7.23
393,Rio Gallegos,AR,2021-05-21 14:24:01,-51.6226,-69.2181,39.25,93,75,3.44
394,Nome,US,2021-05-21 14:24:02,64.5011,-165.4064,39.27,87,90,4.61
395,Quelimane,MZ,2021-05-21 14:24:02,-17.8786,36.8883,85.95,42,20,3.44
396,Paciran,ID,2021-05-21 14:24:03,-6.8767,112.3761,80.51,80,81,5.41
397,Apatity,RU,2021-05-21 14:24:03,67.5641,33.4031,48.58,75,93,9.33
398,Tobermory,CA,2021-05-21 14:24:04,45.2501,-81.6665,68.31,85,100,11.12
399,Goundi,TD,2021-05-21 14:24:04,9.3627,17.366,95.76,34,86,4.05
400,Martil,MA,2021-05-21 14:24:04,35.6166,-5.2752,78.87,78,75,8.05
401,Huaicheng,CN,2021-05-21 14:24:05,23.9051,112.1931,77.79,89,100,2.13
402,Novaya Igirma,RU,2021-05-21 14:24:05,57.1334,103.9112,38.21,42,66,4.14
403,Vao,NC,2021-05-21 14:24:06,-22.6667,167.4833,71.38,70,93,16.73
404,Praia Da Vitoria,PT,2021-05-21 14:24:06,38.7333,-27.0667,65.75,63,20,11.43
405,Nantucket,US,2021-05-21 14:19:19,41.2835,-70.0995,66.13,87,20,6.91
406,Darab,IR,2021-05-21 14:24:07,28.7519,54.5444,94.3,10,66,3.71
407,Treinta Y Tres,UY,2021-05-21 14:24:07,-33.2333,-54.3833,61.52,74,100,11.59
408,Hibbing,US,2021-05-21 14:24:07,47.4272,-92.9377,69.31,78,40,4.61
409,Evensk,RU,2021-05-21 14:24:08,61.95,159.2333,34.97,85,100,5.68
410,Quang Ngai,VN,2021-05-21 14:24:08,15.1167,108.8,79.14,82,80,4.41
411,Rawlins,US,2021-05-21 14:24:08,41.7911,-107.2387,61.23,58,75,4.61
412,Vakhrushev,RU,2021-05-21 14:24:09,48.9833,142.9667,39.0,96,98,5.61
413,Constitucion,CL,2021-05-21 14:24:09,-35.3333,-72.4167,54.43,70,7,4.56
414,Zinder,NE,2021-05-21 14:24:09,13.8072,8.9881,106.48,7,37,2.95
415,Nokha,IN,2021-05-21 14:24:10,27.6,73.4167,98.37,23,69,19.8
416,Udachnyy,RU,2021-05-21 14:24:10,66.4167,112.4,25.0,87,26,3.11
417,Hirara,JP,2021-05-21 14:24:11,24.8,125.2833,81.19,84,100,8.12
418,Pouso Alegre,BR,2021-05-21 14:24:11,-22.23,-45.9364,71.85,49,52,1.95
419,College,US,2021-05-21 14:24:11,64.8569,-147.8028,49.98,57,75,4.61
420,Ambunti,PG,2021-05-21 14:24:12,-4.2365,142.8448,75.99,96,94,2.28
421,Buenos Aires,AR,2021-05-21 14:24:12,-34.6132,-58.3772,59.0,96,90,14.97
422,Ancud,CL,2021-05-21 14:24:13,-41.8697,-73.8203,49.42,84,85,12.5
423,Port Hawkesbury,CA,2021-05-21 14:24:13,45.6169,-61.3485,71.1,57,1,3.44
424,Eureka,US,2021-05-21 14:21:28,40.8021,-124.1637,48.25,85,0,1.99
425,Gueret,FR,2021-05-21 14:24:13,46.1667,1.8667,52.65,96,100,8.59
426,Baykit,RU,2021-05-21 14:24:14,61.67,96.37,41.23,76,100,3.06
427,Rocha,UY,2021-05-21 14:24:14,-34.4833,-54.3333,63.03,70,100,13.6
428,Yarada,IN,2021-05-21 14:24:14,17.65,83.2667,84.52,74,40,10.94
429,Yumen,CN,2021-05-21 14:24:15,40.2833,97.2,55.94,45,100,12.37
430,Mae Sot,TH,2021-05-21 14:24:15,16.7167,98.5667,77.58,87,86,3.0
431,Santa Rosa,PH,2021-05-21 14:24:15,14.3122,121.1114,85.98,83,84,4.97
432,Scarborough,GB,2021-05-21 14:24:16,54.2797,-0.4044,54.97,88,100,1.01
433,Maralal,KE,2021-05-21 14:24:16,1.0968,36.698,72.48,52,72,6.53
434,Maragogi,BR,2021-05-21 14:24:17,-9.0122,-35.2225,81.75,73,34,10.42
435,Padang,ID,2021-05-21 14:23:05,-0.9492,100.3543,80.65,84,26,3.62
436,Warkworth,NZ,2021-05-21 14:24:17,-36.4,174.6667,55.9,89,100,7.52
437,Shibetsu,JP,2021-05-21 14:24:18,43.659,145.132,48.99,99,100,5.68
438,Anadyr,RU,2021-05-21 14:24:18,64.75,177.4833,30.7,92,75,4.0
439,Jumla,NP,2021-05-21 14:24:18,29.2747,82.1838,56.37,90,16,1.92
440,Ushibuka,JP,2021-05-21 14:24:19,32.1906,130.0228,65.08,73,97,9.84
441,Bulgan,MN,2021-05-21 14:24:19,48.8125,103.5347,39.96,89,100,11.01
442,Shasta Lake,US,2021-05-21 14:24:20,40.6804,-122.3708,52.52,62,0,5.17
443,George,ZA,2021-05-21 14:24:20,-33.963,22.4617,56.75,67,20,11.5
444,Huangmei,CN,2021-05-21 14:24:20,30.1924,116.025,67.23,84,100,4.9
445,Berlevag,NO,2021-05-21 14:24:21,70.8578,29.0864,35.4,78,100,15.35
446,Salvador,SV,2021-05-21 14:24:21,13.8333,-88.9167,80.06,72,12,2.15
447,Half Moon Bay,US,2021-05-21 14:24:22,37.4636,-122.4286,53.42,86,1,1.01
448,Louis Trichardt,ZA,2021-05-21 14:24:22,-23.0439,29.9032,81.5,18,0,6.44
449,Lavrentiya,RU,2021-05-21 14:24:22,65.5833,-171.0,30.81,96,100,5.79
450,Aylmer,CA,2021-05-21 14:24:23,42.7668,-80.983,78.85,60,100,9.53
451,Blackwater,AU,2021-05-21 14:24:23,-23.5833,148.8833,59.43,70,5,7.63
452,Aviles,ES,2021-05-21 14:24:23,43.5547,-5.9248,60.19,72,75,10.36
453,Miri,MY,2021-05-21 14:24:24,4.4148,114.0089,80.74,83,40,6.55
454,Namatanai,PG,2021-05-21 14:24:24,-3.6667,152.4333,79.66,83,34,5.37
455,Ocean City,US,2021-05-21 14:19:36,39.2776,-74.5746,75.0,71,21,4.0
456,Haines Junction,CA,2021-05-21 14:24:25,60.7522,-137.5108,44.55,45,100,8.05
457,Touho,NC,2021-05-21 14:24:25,-20.7833,165.2333,70.23,66,0,8.48
458,Olinda,BR,2021-05-21 14:24:26,-8.0089,-34.8553,82.13,65,40,11.61
459,Murray Bridge,AU,2021-05-21 14:24:26,-35.1167,139.2667,62.31,40,49,7.65
460,Skovorodino,RU,2021-05-21 14:24:26,53.9833,123.9167,39.96,77,100,5.73
461,Puerto Escondido,MX,2021-05-21 14:24:27,15.85,-97.0667,83.23,83,1,3.44
462,Angoram,PG,2021-05-21 14:24:27,-4.0625,144.0661,75.81,93,100,1.86
463,Ola,RU,2021-05-21 14:24:27,59.5833,151.2833,34.72,93,52,3.27
464,Novonikolayevskaya,RU,2021-05-21 14:24:28,45.5892,38.3689,81.28,53,0,10.33
465,Cairns,AU,2021-05-21 14:21:01,-16.9167,145.7667,70.11,93,75,12.66
466,Sao Raimundo Das Mangabeiras,BR,2021-05-21 14:24:28,-7.0219,-45.4811,88.5,45,38,8.32
467,Ambalavao,MG,2021-05-21 14:24:29,-21.8333,46.9333,59.45,75,6,5.7
468,Vila Franca Do Campo,PT,2021-05-21 14:24:29,37.7167,-25.4333,66.61,57,100,9.64
469,Panacan,PH,2021-05-21 14:24:29,9.2463,118.4082,81.5,82,56,5.82
470,Pascagoula,US,2021-05-21 14:24:30,30.3658,-88.5561,78.8,77,90,21.34
471,Aketi,CD,2021-05-21 14:24:30,2.7388,23.7833,85.69,62,99,1.77
472,Banon,ES,2021-05-21 14:24:30,40.8382,-1.1909,81.18,24,60,21.36
473,Kalghatgi,IN,2021-05-21 14:24:31,15.1833,74.9667,78.12,89,94,12.41
474,Manicore,BR,2021-05-21 14:24:32,-5.8092,-61.3003,84.69,69,79,2.95
475,Muravlenko,RU,2021-05-21 14:24:32,63.7898,74.523,73.27,54,24,7.0
476,Killybegs,IE,2021-05-21 14:24:32,54.6333,-8.45,49.71,87,100,22.5
477,Gizo,SB,2021-05-21 14:24:33,-8.103,156.8419,82.47,76,83,5.01
478,Dejen,ET,2021-05-21 14:24:33,10.1667,38.1333,75.04,32,38,2.77
479,Puerto Del Rosario,ES,2021-05-21 14:24:33,28.5004,-13.8627,83.88,65,20,20.71
480,Wilmington,US,2021-05-21 14:20:57,34.2257,-77.9447,76.86,70,1,6.91
481,Kuala Terengganu,MY,2021-05-21 14:24:34,5.3302,103.1408,76.95,94,40,1.14
482,Mandera,KE,2021-05-21 14:24:34,3.9366,41.867,88.52,43,100,15.1
483,San Policarpo,PH,2021-05-21 14:24:35,12.1791,125.5072,81.37,77,21,3.67
484,Mackay,AU,2021-05-21 14:21:16,-21.15,149.2,69.04,76,99,18.14
485,Saint-Pierre,RE,2021-05-21 14:24:35,-21.3393,55.4781,73.08,71,20,17.27
486,Zemio,CF,2021-05-21 14:24:35,5.0314,25.1361,92.57,39,99,3.87
487,Mwense,ZM,2021-05-21 14:24:36,-10.3845,28.698,82.78,32,15,3.98
488,Gigmoto,PH,2021-05-21 14:24:36,13.7796,124.39,80.67,83,12,5.73
489,Camana,PE,2021-05-21 14:24:37,-16.6228,-72.7111,66.78,79,33,11.59
490,Meihekou,CN,2021-05-21 14:24:37,42.5272,125.6753,63.73,58,1,5.84
491,Horodnya,UA,2021-05-21 14:24:38,51.8909,31.5974,61.39,49,91,8.68
492,Grand-Santi,GF,2021-05-21 14:24:38,4.25,-54.3833,76.59,95,100,3.24
493,Inhambane,MZ,2021-05-21 14:28:20,-23.865,35.3833,82.38,61,20,11.5
494,Takoradi,GH,2021-05-21 14:28:20,4.8845,-1.7554,83.1,75,100,14.29
495,Saint-Francois,FR,2021-05-21 14:28:21,46.4154,3.9054,54.48,87,100,2.3
496,Svetlyy,RU,2021-05-21 14:28:21,54.675,20.1347,57.25,79,81,13.56
497,Saint-Joseph,RE,2021-05-21 14:28:22,-21.3667,55.6167,71.98,75,29,18.61
498,Tiarei,PF,2021-05-21 14:28:22,-17.5333,-149.3333,77.02,73,39,11.63
499,Huanan,CN,2021-05-21 14:28:22,46.2167,130.5167,65.01,76,98,5.1
500,Oranjestad,AW,2021-05-21 14:28:22,12.524,-70.027,87.75,66,75,25.32
501,Natal,BR,2021-05-21 14:28:23,-5.795,-35.2094,86.65,56,75,13.49
502,Guarapari,BR,2021-05-21 14:24:26,-20.6667,-40.4975,80.91,63,52,4.99
503,Palmer,US,2021-05-21 14:25:35,42.1584,-72.3287,71.47,68,75,4.88
504,Pemba,MZ,2021-05-21 14:28:23,-12.974,40.5178,81.3,78,20,9.22
505,Gasa,PS,2021-05-21 14:28:24,31.5,34.4667,81.91,56,0,12.66
506,Basco,PH,2021-05-21 14:28:24,20.4487,121.9702,83.16,85,7,11.3
507,Kolondieba,ML,2021-05-21 14:28:24,11.0882,-6.8926,101.68,26,43,4.0
508,Poltavka,RU,2021-05-21 14:28:25,54.3663,71.7632,77.04,39,54,8.77
509,Luderitz,NA,2021-05-21 14:28:25,-26.6481,15.1594,70.48,44,51,24.14
510,San Rafael,AR,2021-05-21 14:26:46,-34.6177,-68.3301,53.15,56,100,12.1
511,Ankazoabo,MG,2021-05-21 14:28:26,-22.2833,44.5167,74.89,38,0,4.38
512,Bulqize,AL,2021-05-21 14:28:26,41.4917,20.2219,63.45,53,31,5.41
513,Quime,BO,2021-05-21 14:28:26,-16.9833,-67.2167,58.55,30,9,4.0
514,Wicklow,IE,2021-05-21 14:28:27,53.0,-6.4167,46.92,98,100,8.86
515,Kaka,TM,2021-05-21 14:28:27,37.3482,59.6143,94.28,11,0,6.11
516,Mareeba,AU,2021-05-21 14:28:27,-17.0,145.4333,65.48,96,99,3.67
517,Henties Bay,NA,2021-05-21 14:28:28,-22.116,14.2845,67.86,65,0,14.16
518,Grants Pass,US,2021-05-21 14:28:28,42.439,-123.3284,47.86,84,40,0.0
519,Starobaltachevo,RU,2021-05-21 14:28:29,56.0013,55.9213,72.27,57,1,8.57
520,Orlik,RU,2021-05-21 14:28:29,52.5178,99.825,30.51,78,100,6.08
521,Laguna,US,2021-05-21 14:28:29,38.421,-121.4238,57.49,39,1,10.38
522,Orotukan,RU,2021-05-21 14:28:30,62.2667,151.7,32.92,76,100,1.79
523,Zhuhai,CN,2021-05-21 14:28:30,22.2769,113.5678,87.06,80,20,14.0
524,Dauriya,RU,2021-05-21 14:28:31,49.9333,116.8667,53.13,71,93,15.52
525,Dryden,CA,2021-05-21 14:28:31,49.7833,-92.7503,55.69,100,90,3.44
526,Bowmore,US,2021-05-21 14:28:32,34.9421,-79.3031,77.76,40,1,4.0
527,Zhob,PK,2021-05-21 14:28:32,31.3411,69.4481,82.02,12,3,4.74
528,Suzun,RU,2021-05-21 14:28:32,53.7841,82.3116,48.15,51,100,3.13
529,Mahebourg,MU,2021-05-21 14:28:32,-20.4081,57.7,72.25,83,75,12.66
530,Oltu,TR,2021-05-21 14:28:33,40.5498,42.0013,77.59,36,67,7.23
531,Cayenne,GF,2021-05-21 14:28:33,4.9333,-52.3333,77.04,90,90,9.62
532,Moindou,NC,2021-05-21 14:28:34,-21.6924,165.677,64.35,75,43,12.5
533,Ati,TD,2021-05-21 14:28:34,13.2154,18.3353,103.71,19,69,5.64
534,Marsa Matruh,EG,2021-05-21 14:28:35,31.3525,27.2453,71.82,58,0,22.48
535,Ostrovnoy,RU,2021-05-21 14:28:12,68.0531,39.5131,37.83,95,100,15.08
536,Chapleau,CA,2021-05-21 14:28:35,47.8405,-83.4034,73.49,60,20,12.66
537,Mogadishu,SO,2021-05-21 14:28:35,2.0371,45.3438,84.07,61,20,20.71
538,Hoquiam,US,2021-05-21 14:28:36,46.9809,-123.8893,51.03,81,90,4.61
539,Harer,ET,2021-05-21 14:28:36,9.3094,42.1258,77.09,35,43,7.2
540,Lively,CA,2021-05-21 14:28:37,46.4334,-81.1498,75.38,62,100,6.58
541,Aswan,EG,2021-05-21 14:28:37,24.0934,32.907,102.81,7,0,7.23
542,Sirjan,IR,2021-05-21 14:28:37,29.452,55.6814,86.27,7,27,17.87
543,Bardiyah,LY,2021-05-21 14:28:38,31.7561,25.0865,70.84,55,0,22.68
544,Mulanje,MW,2021-05-21 14:28:38,-16.0316,35.5,82.54,52,60,0.34
545,Tautira,PF,2021-05-21 14:28:38,-17.7333,-149.15,77.02,74,58,10.87
546,Batagay-Alyta,RU,2021-05-21 14:28:39,67.8006,130.4114,28.83,77,97,4.88
547,Palasa,IN,2021-05-21 14:25:08,18.7667,84.4167,85.28,75,62,9.8
548,Bani,DO,2021-05-21 14:28:39,18.2833,-70.3333,85.44,58,58,12.97
549,Tambura,SS,2021-05-21 14:28:40,5.6,27.4667,93.42,36,56,2.71
550,Krasnoselkup,RU,2021-05-21 14:28:40,65.7,82.4667,43.18,82,100,15.01
551,Vestmannaeyjar,IS,2021-05-21 14:28:40,63.4427,-20.2734,49.19,49,0,14.97
552,Skibbereen,IE,2021-05-21 14:28:41,51.55,-9.2667,53.4,83,100,20.92
553,Mount Isa,AU,2021-05-21 14:28:41,-20.7333,139.5,69.57,40,98,0.0
554,Charters Towers,AU,2021-05-21 14:28:42,-20.1,146.2667,64.62,67,97,11.21
555,Lithgow,AU,2021-05-21 14:28:42,-33.4833,150.15,44.91,94,83,1.3
556,Dondaicha,IN,2021-05-21 14:28:42,21.3333,74.5667,94.8,29,37,18.9
557,Glendive,US,2021-05-21 14:28:43,47.1053,-104.7125,39.83,93,90,13.8
558,Pisco,PE,2021-05-21 14:24:50,-13.7,-76.2167,64.45,77,92,4.61
559,Zhongshu,CN,2021-05-21 14:28:43,24.5167,103.7667,71.89,61,3,9.78
560,Nuuk,GL,2021-05-21 14:28:44,64.1835,-51.7216,36.21,93,90,12.66
561,Puerto Madryn,AR,2021-05-21 14:27:44,-42.7692,-65.0385,54.09,89,100,9.35
562,Conde,BR,2021-05-21 14:28:44,-7.2597,-34.9075,83.66,66,75,12.82
563,Fethiye,TR,2021-05-21 14:28:44,36.6217,29.1164,76.87,44,0,16.13
564,Lander,US,2021-05-21 14:25:13,42.833,-108.7307,42.06,100,90,4.61
565,Aktau,KZ,2021-05-21 14:28:45,43.65,51.2,84.78,41,0,13.98
566,Acajutla,SV,2021-05-21 14:28:45,13.5928,-89.8275,87.8,62,9,1.16
567,Kampli,IN,2021-05-21 14:28:46,15.4,76.6167,86.95,50,63,11.74
568,Seydisehir,TR,2021-05-21 14:28:46,37.4193,31.8453,68.14,33,0,14.25
569,Blonie,PL,2021-05-21 14:28:46,52.1985,20.6171,68.23,24,100,7.0
570,Weinan,CN,2021-05-21 14:28:47,34.5036,109.5089,71.29,42,100,7.45
571,Parabel,RU,2021-05-21 14:28:47,58.6978,81.4825,43.07,94,100,7.36
572,Manaus,BR,2021-05-21 14:28:47,-3.1019,-60.025,86.5,74,40,3.44
573,Beaupre,CA,2021-05-21 14:28:48,47.0443,-70.8953,78.66,66,100,14.0
574,Nyurba,RU,2021-05-21 14:28:48,63.2842,118.3319,38.14,62,8,3.83
575,Gat,IL,2021-05-21 14:24:02,31.61,34.7642,82.4,41,0,13.47
576,Tyrma,RU,2021-05-21 14:28:49,50.0833,132.1667,57.69,80,0,1.81
